"","name","address_admin","APN","url","zip","county","city","y","x"
"1","Example Venue","402 12TH AVE S","09313058100","examplevenue.com",37203,"Davidson","Nashville",36.1525861232894,-86.7844400713344
"2","12 South Taproom & Grill","2318 12TH AVE S","10513021100","https://www.12southtaproom.com/",37204,"Davidson","Nashville",36.126469479008,-86.7888474802272
"3","404 Bar & Grill","404 ELYSIAN FIELDS RD","13314008900","No website available",37211,"Davidson","Nashville",36.0867459635385,-86.7311009742086
"4","6th and Peabody","423 6TH AVE S","09310018800","https://6thandpeabody.com/",37203,"Davidson","Nashville",36.1549571127237,-86.7770779937017
"5","Acme Feed & Seed","101 BROADWAY","09306210200","https://www.acmefeedandseed.com/",37201,"Davidson","Nashville",36.1618880861058,-86.7743178542158
"6","AJ's Good Time Bar","421 BROADWAY","09306310800","https://www.ajsgoodtimebar.com/",37203,"Davidson","Nashville",36.1604318720598,-86.777814255199
"7","Aloft Nashville West End","1719 WEST END AVE","09216017400","https://www.marriott.com/en-us/hotels/bnawl-aloft-nashville-west-end/overview/?scid=f2ae0541-1279-4f24-b197-a979c79310b0",37203,"Davidson","Nashville",36.152661945071,-86.795413048273
"8","American Legion Post 82","3204 GALLATIN PIKE","07206025400","https://www.post82.org/",37216,"Davidson","Nashville",36.2058088622012,-86.7356558300848
"9","Analog at Hutton Hotel","1808 WEST END AVE","09216043400","https://www.analognashville.com/?utm_source=local-listings&utm_medium=organic&utm_campaign=local-listings",37203,"Davidson","Nashville",36.1528693144705,-86.7970821692225
"10","Bad Axe Throwing Nashville","648 FOGG ST","09314032100","https://badaxethrowing.com/locations/axe-throwing-nashville/",37203,"Davidson","Nashville",36.1511155695785,-86.7773965322608
"11","Bar Sovereign","514 REP JOHN LEWIS WAY S","09310034700","https://barsovereign.com",37203,"Davidson","Nashville",36.1549939517944,-86.7744172681069
"12","Barbershop Harmony Society","110 7TH AVE N","09306302800","https://www.barbershop.org/",37203,"Davidson","Nashville",36.1600819288919,-86.7808765196033
"13","Barbershop Theater","4003 INDIANA AVE","09112021700","https://www.thebarbershoptheater.com/",37209,"Davidson","Nashville",36.1568154616949,-86.8346982245551
"14","Barlines (Omni Nashville Hotel)","250 REP JOHN LEWIS WAY S","093100B00300CO","https://www.omnihotels.com/hotels/nashville/dining/barlines",37203,"Davidson","Nashville",36.1574506499472,-86.7756317707792
"15","Big Jimmy's","109 2ND AVE N","09306204700","https://www.bigjimmysburgers.com/",37201,"Davidson","Nashville",36.1621031575084,-86.7756227756532
"16","Big Shotz","115 2ND AVE N","09306205000","No website available",37201,"Davidson","Nashville",36.1623044890624,-86.7757626502771
"17","Bobby's Idle Hour Tavern","9 MUSIC SQ S","10404013000","https://www.bobbysidlehour.com/",37203,"Davidson","Nashville",36.1465406716453,-86.7933100100686
"18","Bongo Java After Hours Theatre","2007 BELMONT BLVD","10412028200","https://www.bongo.coffee/pages/bongo-java",37212,"Davidson","Nashville",36.1321772365265,-86.7958968469065
"19","Bootleggers Inn","207 BROADWAY","09306404600","https://www.bootleggersnashville.com/",37201,"Davidson","Nashville",36.1614668811981,-86.775272560589
"20","Bowie's","174 3RD AVE N","09306200200","https://www.bowiesnashville.com/",37201,"Davidson","Nashville",36.1638786655697,-86.7771900843685
"21","Bridgestone Arena","501 BROADWAY","09306000800","https://www.bridgestonearena.com/",37203,"Davidson","Nashville",36.1591353948432,-86.778488782246
"22","Cafe Coco","210 LOUISE AVE","09215010600","https://cafecoco.com/",37203,"Davidson","Nashville",36.1519124334247,-86.8048933986249
"23","Caney Fork River Valley Grille","2400 MUSIC VALLEY DR","06200011800","https://www.caneyforkrestaurant.com/",37214,"Davidson","Nashville",36.2176199269501,-86.6967520749508
"24","Cannery Hall (to be opened)","1 CANNERY ROW","09314000200","https://www.canneryhall.com/",37203,"Davidson","Nashville",36.1528900102878,-86.7803029695665
"25","Carol Ann<92>s","407 MURFREESBORO PIKE","10601010900","https://www.facebook.com/CarolAnnsCafe/",37210,"Davidson","Nashville",36.143954350951,-86.7488757222498
"26","Chief's on Broadway","200 BROADWAY","09306204400","https://www.chiefsonbroadway.com/",37201,"Davidson","Nashville",36.1619527296275,-86.7755247235497
"27","Commodore Grille (Holiday Inn Vanderbilt)","2613 WEST END AVE","10403006300","No website available",37203,"Davidson","Nashville",36.1445825015921,-86.8108302559451
"28","Corner Bar at Elliston Place","2200 ELLISTON PL","09215011300","No website available",37203,"Davidson","Nashville",36.1518683047222,-86.8041904012834
"29","Cross-Eyed Critters Watering Hole","101 20TH AVE N","09216004000","https://www.graduatehotels.com/nashville/restaurant/cross-eyed-critters-watering-hole/",37203,"Davidson","Nashville",36.151547131284,-86.7998395876304
"30","Crow's Nest","2221 BANDYWOOD DR","11714012500","https://www.crowsnestnashville.com/",37215,"Davidson","Nashville",36.1045236029655,-86.8187295121109
"31","Dawg House Saloon","1522 DEMONBREUN ST","09309025900","https://www.coldbeerentertainment.com/dawghouse-nashville/",37203,"Davidson","Nashville",36.1531461183899,-86.7903343994416
"32","Decker & Dyer","807 CLARK PL","09310003200","",37203,"Davidson","Nashville",36.1552214736199,-86.7804527666213
"33","Dee's Country Cocktail Lounge","102 E PALESTINE AVE","05108011200","https://deeslounge.com/",37115,"Davidson","Nashville",36.2488564896071,-86.7184944819131
"34","Dierks Bentley's Whiskey Row Nashville","400 BROADWAY","09306308200","https://dierkswhiskeyrow.com/nashville-tn/",37203,"Davidson","Nashville",36.1611753321649,-86.7774760873477
"35","Doc Holidays","112 2ND AVE N","09306208400","https://www.dochollidaysnashville.com/",37201,"Davidson","Nashville",36.1625265361214,-86.7750522603822
"36","Dream Nightclub","210 4TH AVE N","09306105700","https://www.dreamhotels.com/nashville/dining-nightlife",37219,"Davidson","Nashville",36.1642171540611,-86.7788674044819
"37","Drkmttr Collective","1111 DICKERSON PIKE","08203000500","https://drkmttrcollective.com/",37207,"Davidson","Nashville",36.1909166111932,-86.7724870787995
"38","Drury Plaza Hotel Nashville Downtown-Bar","300 KOREAN VETERANS BLVD","09310039700","https://www.druryhotels.com/locations/nashville-tn/drury-plaza-hotel-nashville-downtown?utm_campaign=gmb-website&utm_medium=organic&utm_source=google",37201,"Davidson","Nashville",36.1578508253659,-86.773979294629
"39","ERGO","1001 BROADWAY","09309032600","https://www.unionstationhotelnashville.com/eat-drink/ergo/",37203,"Davidson","Nashville",36.1573223471702,-86.7846676662486
"40","Famous Nashville","110 2ND AVE N","09306208500","https://famousnashville.com/",37201,"Davidson","Nashville",36.1624631647424,-86.7750121502218
"41","FGL House","120 3RD AVE S","09306405500","https://fglhouse.com/",37201,"Davidson","Nashville",36.1608642679595,-86.7752057314528
"42","Flamingo Cocktail Club","509 HOUSTON ST","10503018500","http://flamingococktailclub.com/",37203,"Davidson","Nashville",36.1427459525593,-86.7683298971658
"43","Fort Houston (The Forge)","217 WILLOW ST","09312002700","https://www.theforgenashville.org/",37210,"Davidson","Nashville",36.1545318672447,-86.754730429038
"44","Frist Center for the Visual Arts","919 BROADWAY","09309031000","https://fristartmuseum.org/",37203,"Davidson","Nashville",36.1575195716683,-86.7836211063589
"45","Glen Campbell Museum and Rhinestone Stage","111 BROADWAY","09306210000","https://www.glencampbellmuseum.com/",37201,"Davidson","Nashville",36.1617099337122,-86.7747257028291
"46","Grand Hyatt Nashville","1000 BROADWAY","09309034300","https://www.hyatt.com/en-US/hotel/tennessee/grand-hyatt-nashville/bnarn",37203,"Davidson","Nashville",36.1582885457808,-86.7849326038148
"47","Grand Ole Opry","2804 OPRYLAND DR","07300003700","http://www.opry.com/",37214,"Davidson","Nashville",36.2065821817348,-86.6918672071492
"48","Grimey's New & Preloved Music","1060 E TRINITY LN","07206022000","https://www.grimeys.com/",37216,"Davidson","Nashville",36.2033682490864,-86.7411023901006
"49","Headquarters Beercade","114 2ND AVE S","09306405800","https://www.hq-nashville.com/",37201,"Davidson","Nashville",36.1614224141439,-86.774556137916
"50","Helen's Hot Chicken","1801 JEFFERSON ST","09203023800","https://www.helenshotchicken.com/#",37208,"Davidson","Nashville",36.1690725027122,-86.8072143887363
"51","HOME (Helping Our Music Evolve)","615 MAIN ST","08216000400","https://homeformusic.org/",37206,"Davidson","Nashville",36.1745081537032,-86.7619033936827
"52","HOME (Helping Our Music Evolve)","615 MAIN ST","08216000400","https://homeformusic.org/",37206,"Davidson","Nashville",36.2261601219178,-86.6294240566079
"53","HOME (Helping Our Music Evolve)","615 MAIN ST","06405003400","https://homeformusic.org/",37206,"Davidson","Nashville",36.1745081537032,-86.7619033936827
"54","HOME (Helping Our Music Evolve)","615 MAIN ST","06405003400","https://homeformusic.org/",37206,"Davidson","Nashville",36.2261601219178,-86.6294240566079
"55","Honky Tonk Central","329 BROADWAY","09306401500","http://www.honkytonkcentral.com/",37201,"Davidson","Nashville",36.1608682495855,-86.7768349547931
"56","Huba Huba Tiki Tonk","922 MAIN ST","08212031200","https://www.hubbahubbatikitonk.com/",37206,"Davidson","Nashville",36.1763878243587,-86.7551932002404
"57","Inglewood Lounge","3914 GALLATIN PIKE","06115023500","http://inglewoodlounge.com",37216,"Davidson","Nashville",36.2168910781425,-86.728400882218
"58","Island Vibes","1316 ANTIOCH PIKE","13415000500","https://islandvibes615.com/",NA,"Davidson","Nashville",36.0851243163491,-86.6896752814547
"59","Jefferson Street Jazz Street Festival","1215 9TH AVE N","08116021300","https://www.nashvillejazzandbluesfest.com/contactus/",37208,"Davidson","Nashville",36.1744637829759,-86.7938770460565
"60","Jimmy Buffett's Margaritaville","322 BROADWAY","09306400100","https://www.margaritavillenashville.com/",37201,"Davidson","Nashville",36.1613821029264,-86.7771977745405
"61","Joe's Place","2227 BANDYWOOD DR","11714012300","No website available",37215,"Davidson","Nashville",36.1046855345253,-86.8191156499444
"62","Johnny Cash's Kitchen & Saloon","121 3RD AVE S","09306403100","https://www.cashbarandbbq.com/",37201,"Davidson","Nashville",36.1607275130203,-86.7757304029603
"63","Kid Rock's Big Honky Tonk Rock N' Roll Steakhouse","221 BROADWAY","09306404100","https://www.kidrockshonkytonkandsteakhouse.com/",37201,"Davidson","Nashville",36.1613459285107,-86.7756650800544
"64","L27 Rooftop Lounge","807 CLARK PL","09310003200","https://www.l27nashville.com/",37203,"Davidson","Nashville",36.1552214736199,-86.7804527666213
"65","Lab Canna","1106 GALLATIN AVE","08301008700","https://labcanna.com/",37206,"Davidson","Nashville",36.1898984078147,-86.7459121027437
"66","La Costa Mexican Seafood","5332 CANE RIDGE RD","16300027400","No Website",NA,"","Antioch",36.0423194580705,-86.6609680921253
"67","Larry's Grand Ole Garage","549 E MAPLE ST","04314003600","http://larrysgrandolegarage.com/",37115,"Davidson","Nashville",36.2622089409286,-86.700816801238
"68","Las Fogatas","5560 NOLENSVILLE PIKE","16100030500","https://fogatasauthenticmexicanfood.com/",NA,"","",36.0469803005536,-86.710385328246
"69","Layla's Honky Tonk","418 BROADWAY","09306307500","http://www.laylasnashville.com/",37203,"Davidson","Nashville",36.1609745492543,-86.7781358603682
"70","Live Oak","1530 DEMONBREUN ST","09313001000","https://www.liveoaknashville.com/",37203,"Davidson","Nashville",36.1529227280554,-86.7908547350998
"71","Los Arcos","3798 NOLENSVILLE PIKE","13300011600","https://losarcosgrill.com/",37211,"Davidson","Nashville",36.0883009416607,-86.7310457451444
"72","Loser Most Wanted Bar & Grill (Downtown)","111 4TH AVE S","09306400800","https://www.coldbeerentertainment.com/",37203,"Davidson","Nashville",36.160407093423,-86.77706587792
"73","Lou|Na","1000 BROADWAY","09309034300","https://lounanashville.com/",37203,"Davidson","Nashville",36.1582885457808,-86.7849326038148
"74","Lucky Bastard Saloon","408 BROADWAY","09306308000","https://www.luckybastardsaloon.com/",37203,"Davidson","Nashville",36.1611554006104,-86.7777485481959
"75","Luke's 32 Bridge Food & Drink","301 BROADWAY","09306402700","https://lukes32bridge.com/",37201,"Davidson","Nashville",36.1613000651127,-86.7759788176766
"76","Marisqueria 7 Mares","931 RICHARDS RD","14800029500","https://7maresnashvilletn.com/",37013,"Davidson","Antioch",36.0695427486106,-86.6827418025908
"77","Maxwell Lounge at Millenium Maxwell House Nashville","2025 ROSA L PARKS BLVD","08104022200","https://www.millenniumhotels.com/en/nashville/millennium-maxwell-house-hotel-nashville/maxwells-lounge/",37228,"Davidson","Nashville",36.1889854637469,-86.7995775007282
"78","Mellow Mushroom 
(Broadway)","423 BROADWAY","09306310700","https://mellowmushroom.com/location/tn-nashville-423-broadway-37203/?utm_source=gmb&utm_medium=organic&utm_campaign=Nashville-TN&utm_content=222",37203,"Davidson","Nashville",36.1604024613817,-86.7778847657755
"79","Mickeys Tavern","2907 GALLATIN PIKE","07206023400","https://mickeystavernnashville.com/",37216,"Davidson","Nashville",36.2029250663013,-86.7393448972698
"80","Music City Bar & Grill","2416 MUSIC VALLEY DR","06200023300","No website available",37214,"Davidson","Nashville",36.2193629960737,-86.6971097730653
"81","Music City Center","201 REP JOHN LEWIS WAY S","09310047300","https://www.nashvillemusiccitycenter.com/",37203,"Davidson","Nashville",36.1572191426445,-86.7772524524039
"82","Music City Walk of Fame Park","121 4TH AVE S","093064B00100CO","https://www.visitmusiccity.com/walkoffame/",37203,"Davidson","Nashville",36.1599931884855,-86.777422893388
"83","Musicians Corner","2500 WEST END AVE","09214007600","https://www.musicianscornernashville.com/",37203,"Davidson","Nashville",36.1494376021062,-86.8129354989031
"84","Nashville Farmers' Market","900 ROSA L PARKS BLVD","08213036600","https://www.nashvillefarmersmarket.org/",37208,"Davidson","Nashville",36.1711222096749,-86.7877884184662
"85","Nashville Jazz Workshop","1012 BUCHANAN ST","08107051800","https://nashvillejazz.org/",37208,"Davidson","Nashville",36.1806230816494,-86.8042056588988
"86","Nashville Municipal Auditorium","417 4TH AVE N","09302001300","https://www.nashvilleauditorium.com/",37201,"Davidson","Nashville",36.1675228673492,-86.7822397826025
"87","Nashville Nightlife Theater","2416 MUSIC VALLEY DR","06200023300","http://www.nashvillenightlife.com/",37214,"Davidson","Nashville",36.2193629960737,-86.6971097730653
"88","Nashville Underground","105 BROADWAY","09306210100","https://www.nashunderground.com/",37201,"Davidson","Nashville",36.1618162660194,-86.7744782712609
"89","Nashville's War Memorial Auditorium","301 6TH AVE N","09301008100","https://www.tpac.org/rentals/war-memorial-auditorium/",37243,"Davidson","Nashville",36.1644895542079,-86.7831345291273
"90","Nectar Urban Cantina","206 MCGAVOCK PIKE","09504003100","https://www.nectarcantina.com/",37214,"Davidson","Nashville",36.1681389042098,-86.6807180053028
"91","Neighbors of Sylvan Park","4425 MURPHY RD","10308005400","No website available",37209,"Davidson","Nashville",36.1407000343448,-86.840106106772
"92","Nissan Stadium","1 TITANS WAY","09303006600","https://www.tennesseetitans.com/stadium/",37213,"Davidson","Nashville",36.1661718380032,-86.7715277080985
"93","Noble's East Nashville","974 MAIN ST","08309019300","http://noblesbeerhall.com/",37206,"Davidson","Nashville",36.1776242311874,-86.7519245439188
"94","Nudie's Honky Tonk","409 BROADWAY","09306400600","https://www.nudieshonkytonk.com/",37203,"Davidson","Nashville",36.1605166616766,-86.7773290764037
"95","Old Glory","1200 VILLA PL","10501023300","https://oldglorynashville.com/",37212,"Davidson","Nashville",36.1427160803375,-86.791675486161
"96","Ole Red","300 BROADWAY","09306202900","https://olered.com/nashville/",37201,"Davidson","Nashville",36.1617422644678,-86.776286262436
"97","Opry Backstage Grill","2401 MUSIC VALLEY DR","06200002900","https://www.marriott.com/en-us/hotels/bnagi-the-inn-at-opryland-a-gaylord-hotel/dining/?EM=DNM_OPRYBACKSTAGEGRILL.COM",37214,"Davidson","Nashville",36.2178625537805,-86.6949961412843
"98","Out Loud Music Festival; Tomato Art Fest","14 JAMES ROBERTSON PKWY","08215006700","https://www.tomatoartfest.com/",37206,"Davidson","Nashville",36.1737113004534,-86.7683128688773
"99","Out Loud Music Festival; Tomato Art Fest","14 JAMES ROBERTSON PKWY","08215006700","https://www.tomatoartfest.com/",37206,"Davidson","Nashville",36.1770163838316,-86.7492334409574
"100","Out Loud Music Festival; Tomato Art Fest","14 JAMES ROBERTSON PKWY","08215006700","https://www.outloudmusicfestival.com/",37213,"Davidson","Nashville",36.1737113004534,-86.7683128688773
"101","Out Loud Music Festival; Tomato Art Fest","14 JAMES ROBERTSON PKWY","08215006700","https://www.outloudmusicfestival.com/",37213,"Davidson","Nashville",36.1770163838316,-86.7492334409574
"102","Outback Presents","209 10TH AVE S","09309032000","https://www.outbackpresents.com/",37203,"Davidson","Nashville",36.1551063591957,-86.7825688983274
"103","Oz Arts Nashville","6172 COCKRILL BEND CIR","07900009400","https://www.ozartsnashville.org/",37209,"Davidson","Nashville",36.1796913175691,-86.8910274041475
"104","Phat Bites Deli & Bar","2730 LEBANON PIKE","09601001000","https://www.phatbites.com/",37214,"Davidson","Nashville",36.1688845558948,-86.6657065205595
"105","Plaza Mariachi","3955 NOLENSVILLE PIKE","13315015400","https://plazamariachi.com/",37211,"Davidson","Nashville",36.0845717298691,-86.7298229124813
"106","Ray Stevens CabaRay","5724 RIVER RD","10200001200","https://raystevenscabaray.com/",37209,"Davidson","Nashville",36.1295806603487,-86.9084220158718
"107","Red Door Saloon","1816 DIVISION ST","09216022300","No website available",37203,"Davidson","Nashville",36.1506328778858,-86.7959056716477
"108","Red Door Saloon East","1010 FORREST AVE","08309012700","https://reddooreast.splashthat.com/",37206,"Davidson","Nashville",36.17824763562,-86.7500578744722
"109","Redneck Riviera","208 BROADWAY","09306211100","https://redneckrivieranashville.com/",37201,"Davidson","Nashville",36.1619056148992,-86.7759017882828
"110","Renaissance Nashville Hotel-Bridge Bar","611 COMMERCE ST","09306311900","https://www.marriott.com/en-us/hotels/bnash-renaissance-nashville-hotel/dining/",37203,"Davidson","Nashville",36.1607643782364,-86.7811421947112
"111","Rippy's Smokin' Bar & Grill","429 BROADWAY","09306310400","https://www.rippyshonkytonk.com/",37203,"Davidson","Nashville",36.1603567468744,-86.7781165621406
"112","Rocketown (Main Building)","601 4TH AVE S","09310038100","https://www.rocketown.org/",37210,"Davidson","Nashville",36.1541142464825,-86.7731314057868
"113","Santa's Pub","2225 BRANSFORD AVE","10515006000","https://www.santaspub.com/",37204,"Davidson","Nashville",36.1273528785504,-86.767241247249
"114","Schermerhorn Symphony Center","1 SYMPHONY PL","09306406200","https://www.nashvillesymphony.org/",37201,"Davidson","Nashville",36.1597617885275,-86.7755446838684
"115","Sheraton Downtown Nashville","623 UNION ST","09305201600","https://www.marriott.com/en-us/hotels/bnand-sheraton-grand-nashville-downtown/overview/?scid=f2ae0541-1279-4f24-b197-a979c79310b0",37219,"Davidson","Nashville",36.1631042502108,-86.7829051442598
"116","Sid Gold<92>s Request Room","3245 GALLATIN PIKE","07206004500","https://sidgolds.com/",37216,"Davidson","Nashville",36.2083496741794,-86.7354351436357
"117","Sinema","2600 8TH AVE S","11802026300","https://www.sinemanashville.com/the-lounge",37204,"Davidson","Nashville",36.122149638576,-86.7744453612786
"118","Solberg Studios","1618 JEFFERSON ST","08115059500","https://solberg-studios.business.site/?utm_source=gmb&utm_medium=referral",37208,"Davidson","Nashville",36.1704061705857,-86.8038670003989
"119","Southern Grist Brewing East Nashville","754 DOUGLAS AVE","07116030200","https://www.southerngristbrewing.com/",37207,"Davidson","Nashville",36.1931740518655,-86.7543174778608
"120","Star Rover Sound","1400 ADAMS ST","08205017200","https://www.starroversound.com/",37208,"Davidson","Nashville",36.1814843191518,-86.784138792092
"121","Symphony Lounge at Hilton Nashville Downtown","121 4TH AVE S","093064B00100CO","https://www.hilton.com/en/hotels/bnanshf-hilton-nashville-downtown/?SEO_id=GMB-AMER-HH-BNANSHF&y_source=1_MTIyMDc4Mi03MTUtbG9jYXRpb24ud2Vic2l0ZQ%3D%3D",37201,"Davidson","Nashville",36.1599931884855,-86.777422893388
"122","TailGate Brewery East","811 GALLATIN AVE","08305018200","https://www.tailgatebeer.com/east-nashville",37206,"Davidson","Nashville",36.1863417633244,-86.7469552776389
"123","TailGate Brewery Music Row","1538 DEMONBREUN ST","09313000800","https://www.tailgatebeer.com/",37203,"Davidson","Nashville",36.1525863095048,-86.7913341067971
"124","Tailgate Brewery-HQ","7300 CHARLOTTE PIKE","11400013700","https://www.tailgatebeer.com/",37209,"Davidson","Nashville",36.120024253727,-86.9200384050652
"125","Tennessee Brew Works","809 EWING AVE","09314033500","https://www.tnbrew.com/",37203,"Davidson","Nashville",36.1502985352342,-86.7762324160791
"126","Tequila Cowboy","305 BROADWAY","09306402600","https://tequilacowboy.com/nashville/",37201,"Davidson","Nashville",36.1612463806724,-86.7760994756584
"127","Texas Troubadour Theatre","2416 MUSIC VALLEY DR","06200023300","http://www.texastroubadourtheatre.com/phone/index.html",37214,"Davidson","Nashville",36.2193629960737,-86.6971097730653
"128","The 5 Spot","1006 FORREST AVE","08309013000","https://the5spot.club/",37206,"Davidson","Nashville",36.1782850846992,-86.7503970661217
"129","The Basement East","1604 8TH AVE S","10506019900","https://www.thebasementnashville.com/",37203,"Davidson","Nashville",36.1370552377897,-86.7783603424595
"130","The Bowery Vault","2905 GALLATIN PIKE","07210001400","http://www.theboweryvault.com/",37216,"Davidson","Nashville",36.2028267399815,-86.7393782987065
"131","The Bridge (Renaissance Nashville Hotel)","611 COMMERCE ST","09306311900","https://www.marriott.com/en-us/hotels/bnash-renaissance-nashville-hotel/dining/",37203,"Davidson","Nashville",36.1607643782364,-86.7811421947112
"132","The Cobra","2511 GALLATIN AVE","07213009300","https://cobranashville.com/shows/",37206,"Davidson","Nashville",36.1955792228637,-86.7432467467452
"133","The Countrypolitan Bar & Kitchen (inside Hotel Indigo)","301 UNION ST","09302315200","countrypolitanhotel.com",37201,"Davidson","Nashville",36.1653572142197,-86.778757423565
"134","The Cowan","500 COWAN ST","08210006200","https://topgolf.com/us/nashville/",37207,"Davidson","Nashville",36.1786576976641,-86.7777711471362
"135","The District Bar & Kitchen (Hotel Indigo Downtown)","315 UNION ST","09302315100","https://nashvilledowntown.com/go/the-district-bar-and-kitchen",37201,"Davidson","Nashville",36.1651646911003,-86.778957659415
"136","The Donelson Pub","945 ALLEN RD","09613015301","https://www.facebook.com/worldfamousdonelsonpub/",37214,"Davidson","Nashville",36.1503152686151,-86.6657500404843
"137","The East Room","2412 GALLATIN AVE","07213039000","https://www.theeastroomnashville.com/",37206,"Davidson","Nashville",36.1945058669997,-86.742978431938
"138","The Eighth Room","2106 8TH AVE S","10510029900","https://www.eighthroom.com/",37204,"Davidson","Nashville",36.1318899357745,-86.778606479564
"139","The End","2219 ELLISTON PL","09215017100","https://endnashville.com/",37203,"Davidson","Nashville",36.1511421585056,-86.8038906255904
"140","The Fisher Center for the Performing Arts","2020 BELMONT BLVD","10416041400","https://www.thefishercenter.com/",37212,"Davidson","Nashville",36.1310575335517,-86.7951344141644
"141","The Gibson Garage","209 10TH AVE S","09309032000","https://www.gibson.com/en-US/garage",37203,"Davidson","Nashville",36.1551063591957,-86.7825688983274
"142","The Hampton Social","201 1ST AVE S","093064C00100CO","https://www.thehamptonsocial.com/nashville",NA,"","",36.1597354234692,-86.7730725579049
"143","The Lipstick Lounge","1400 WOODLAND ST","08309041700","http://www.thelipsticklounge.com/",37206,"Davidson","Nashville",36.1767610762683,-86.7457151246203
"144","The Listening Room","618 4TH AVE S","09311024500","https://www.listeningroomcafe.com/nashville",37210,"Davidson","Nashville",36.1538170464579,-86.7721605671881
"145","The Local Distro","614 GARFIELD ST","08108041400","https://www.facebook.com/TheLocalDistroTN/",37208,"Davidson","Nashville",36.181432093184,-86.7950046326403
"146","The Local Nashville","110 28TH AVE N","10403000500","https://localnash.com/",37203,"Davidson","Nashville",36.1459148461944,-86.8126243584318
"147","The Office Nashville","604 GALLATIN AVE","08305012900","No website available",37206,"Davidson","Nashville",36.1828847673678,-86.7491482631453
"148","The Parthenon","2500 WEST END AVE","09214007600","https://www.nashvilleparthenon.com/events",37203,"Davidson","Nashville",36.1494376021062,-86.8129354989031
"149","The Row Kitchen & Pub","110 LYLE AVE","09216013400","https://www.therownashville.com/",37203,"Davidson","Nashville",36.1513555689519,-86.7977197875134
"150","The Rum Room","2116 MEHARRY BLVD","09203005800","https://www.riddimnspice.com/riddimnspice-com-therumroom",37208,"Davidson","Nashville",36.168040876761,-86.8106219178832
"151","The Second Fiddle","420 BROADWAY","09306307400","https://www.thesecondfiddle.com/",37203,"Davidson","Nashville",36.1609442321853,-86.7782059231969
"152","The Stage on Broadway","412 BROADWAY","09306307800","https://www.thestageonbroadway.com/",37203,"Davidson","Nashville",36.1610726924692,-86.7779118808386
"153","The Station Inn","402 12TH AVE S","09313058100","https://stationinn.com/",37203,"Davidson","Nashville",36.1525861232894,-86.7844400713344
"154","The Stillery (Downtown)","113 2ND AVE N","09306204900","https://www.thestillery.com/",37201,"Davidson","Nashville",36.1622369937802,-86.7757011894373
"155","The Underdog","3208 GALLATIN PIKE","07206023800","No Website",37216,"Davidson","Nashville",36.2066034914994,-86.7355756847785
"156","The Valentine","312 BROADWAY","09306400500","https://thevalentinenashville.com/",37201,"Davidson","Nashville",36.161487691148,-86.7767722661479
"157","The Vinyl Lounge","1414 3RD AVE S","10507043500","https://www.thevinyloungenashville.com/",37210,"Davidson","Nashville",36.1413012169663,-86.762683546987
"158","Thirsty Turtle Sports Grill","1307 BELL RD","16200029000","https://www.thirstyturtleonline.com/",NA,"","Antioch",36.0468939031077,-86.6746602427884
"159","Tin Roof Broadway","316 BROADWAY","09306201200","https://tinroofbroadway.com/",37201,"Davidson","Nashville",36.1615584203417,-86.7768999696832
"160","Tootsie's Orchid Lounge","422 BROADWAY","09306307300","https://tootsies.net/",37203,"Davidson","Nashville",36.1609099825001,-86.7782858213292
"161","Tootsie's Orchid Lounge (Nashville Intl. Airport)","1 TERMINAL DR","10700005000","https://tootsies.net/",37214,"Davidson","Nashville",36.1272169186737,-86.6802175210344
"162","Top Golf","500 COWAN ST","08210006200","https://topgolf.com/us/nashville/",37207,"Davidson","Nashville",36.1786576976641,-86.7777711471362
"163","Tribe","1515 CHURCH ST","09212036400","https://www.tribenashville.com/",37203,"Davidson","Nashville",36.1567776701249,-86.793183416679
"164","TRUE Music Room and Bar (Cambria Hotel & Suites)","118 8TH AVE S","09310048900","https://www.cambrianashville.com/",37203,"Davidson","Nashville",36.1577317304799,-86.7809518863178
"165","Twin Kegs II","327 HERMITAGE AVE","09413005100","http://www.twinkegs.com/",37210,"Davidson","Nashville",36.1534505096648,-86.7482428280037
"166","Urban Cowboy Public House Bar","1603 WOODLAND ST","08310018500","https://www.urbancowboy.com/nashville/events/",37206,"Davidson","Nashville",36.1771610396994,-86.7416052965374
"167","Van Gogh's Ear Wine Bar","1112 WOODLAND ST","08309017500","https://www.facebook.com/people/Van-Goghs-Ear/100069552334154/?ref=py_c",37206,"Davidson","Nashville",36.1770399208791,-86.7486941301736
"168","Vinyl Tap","2038 GREENWOOD AVE","08303006400","http://www.vinyltapnashville.com/",37206,"Davidson","Nashville",36.1885025419109,-86.7295953266457
"169","WannaB's Karaoke Bar","305 BROADWAY","09306402600","https://tequilacowboy.com/Nashville/wannabs/",37201,"Davidson","Nashville",36.1612463806724,-86.7760994756584
"170","War Memorial Auditorium","301 6TH AVE N","09301008100","https://cart.tpac.org/events?k=WarMemorial",37243,"Davidson","Nashville",36.1644895542079,-86.7831345291273
"171","Whiskey Bent Saloon","306 BROADWAY","09306202700","https://www.whiskeybentsaloon.com/",37201,"Davidson","Nashville",36.1616537692582,-86.7764930604171
"172","Wildhorse Saloon","120 2ND AVE N","09306208100","https://wildhorsesaloon.com/",37201,"Davidson","Nashville",36.1627052783604,-86.7751670293766
"173","Winners Bar & Grill","1913 DIVISION ST","09216025500","https://www.coldbeerentertainment.com/",37203,"Davidson","Nashville",36.1495237733321,-86.7968045693596
"174","Yee Haw Brewing Co.","423 6TH AVE S","09310018800","https://yeehawbrewing.com/events/",37203,"Davidson","Nashville",36.1549571127237,-86.7770779937017
"175","Zanies Comedy Showplace Nashville","2025 8TH AVE S","10510018300","https://nashville.zanies.com/",37204,"Davidson","Nashville",36.1319951120195,-86.7794707526656
"176","Ascend Amphitheater","310 1ST AVE S","09306004100","https://www.livenation.com/venue/KovZpZAEet7A/ascend-amphitheater-events",37203,"Davidson","Nashville",36.1601490255148,-86.7717547545004
"177","CE gallery
(WEHO and/or Madison location)","425 CHESTNUT ST","10503017100","https://www.facebook.com/TheCeGallery/",37203,"Davidson","Nashville",36.1435556808651,-86.7683283305007
"178","Cheekwood Botanical Garden and Museum of Art","111 CHEEK RD","12912013400","https://cheekwood.org/",37205,"Davidson","Nashville",36.0883675288851,-86.8760754155159
"179","City Winery Nashville","600 MIDDLETON ST","09314059200","https://citywinery.com/nashville/Online/default.asp",37203,"Davidson","Nashville",36.1523639338996,-86.7762880958872
"180","Deep Tropics (Music Festival)","900 ROSA L PARKS BLVD","08213036600","https://www.deeptropics.org/",37243,"Davidson","Nashville",36.1711222096749,-86.7877884184662
"181","Delgado Guitars","919 C GALLATIN AVE","08301045500","https://delgadoguitars.com/",37206,"Davidson","Nashville",36.186974131231,-86.745766388655
"182","Drifters BBQ","1008 WOODLAND ST","08309021400","https://www.driftersnashville.com/",37206,"Davidson","Nashville",36.1767931720223,-86.7507762691362
"183","Eastside Bowl","1508 GALLATIN PIKE","05100018000","https://eastsidebowl.com/",37115,"Davidson","Nashville",36.2379247391396,-86.72630829766
"184","Fanny's House of Music","1101 HOLLY ST","08309023600","https://www.fannyshouseofmusic.com/",37206,"Davidson","Nashville",36.1764957304607,-86.7498380347772
"185","GEODIS Park","0 RAINS AVE","10507037500","https://www.nashvillesc.com/stadium/",37203,"Davidson","Nashville",36.1369008628416,-86.7639958834078
"186","GEODIS Park","0 RAINS AVE","10507037500","https://www.nashvillesc.com/stadium/",37203,"Davidson","Nashville",36.1390835963383,-86.7635220140334
"187","GEODIS Park","0 RAINS AVE","10507037500","https://www.nashvillesc.com/stadium/",37203,"Davidson","Nashville",36.1294742459128,-86.7638615815108
"188","GEODIS Park","0 RAINS AVE","10507037500","https://www.nashvillesc.com/stadium/",37203,"Davidson","Nashville",36.1320765191706,-86.7654511080406
"189","GEODIS Park","0 RAINS AVE","10507051900","https://www.nashvillesc.com/stadium/",37203,"Davidson","Nashville",36.1369008628416,-86.7639958834078
"190","GEODIS Park","0 RAINS AVE","10507051900","https://www.nashvillesc.com/stadium/",37203,"Davidson","Nashville",36.1390835963383,-86.7635220140334
"191","GEODIS Park","0 RAINS AVE","10507051900","https://www.nashvillesc.com/stadium/",37203,"Davidson","Nashville",36.1294742459128,-86.7638615815108
"192","GEODIS Park","0 RAINS AVE","10507051900","https://www.nashvillesc.com/stadium/",37203,"Davidson","Nashville",36.1320765191706,-86.7654511080406
"193","GEODIS Park","0 RAINS AVE","10511033100","https://www.nashvillesc.com/stadium/",37203,"Davidson","Nashville",36.1369008628416,-86.7639958834078
"194","GEODIS Park","0 RAINS AVE","10511033100","https://www.nashvillesc.com/stadium/",37203,"Davidson","Nashville",36.1390835963383,-86.7635220140334
"195","GEODIS Park","0 RAINS AVE","10511033100","https://www.nashvillesc.com/stadium/",37203,"Davidson","Nashville",36.1294742459128,-86.7638615815108
"196","GEODIS Park","0 RAINS AVE","10511033100","https://www.nashvillesc.com/stadium/",37203,"Davidson","Nashville",36.1320765191706,-86.7654511080406
"197","GEODIS Park","0 RAINS AVE","10511033000","https://www.nashvillesc.com/stadium/",37203,"Davidson","Nashville",36.1369008628416,-86.7639958834078
"198","GEODIS Park","0 RAINS AVE","10511033000","https://www.nashvillesc.com/stadium/",37203,"Davidson","Nashville",36.1390835963383,-86.7635220140334
"199","GEODIS Park","0 RAINS AVE","10511033000","https://www.nashvillesc.com/stadium/",37203,"Davidson","Nashville",36.1294742459128,-86.7638615815108
"200","GEODIS Park","0 RAINS AVE","10511033000","https://www.nashvillesc.com/stadium/",37203,"Davidson","Nashville",36.1320765191706,-86.7654511080406
"201","Homegrown Taproom Kitchen","2720 OLD LEBANON PIKE","09601016300","https://homegrownnashville.com/",37214,"Davidson","Nashville",36.170010080196,-86.6657697775985
"202","Jane's Hideaway","403 GALLATIN AVE","08309000800","https://www.janeshideaway.com/",37206,"Davidson","Nashville",36.1808649105029,-86.7492527754111
"203","Lipscomb University Department of Theatre","1 UNIVERSITY PARK DR","11716016300","https://www.lipscomb.edu/academics/programs/theatre",37204,"Davidson","Nashville",36.1059061336745,-86.7985257445467
"204","Little Harpeth Brewing","1 TERMINAL DR","10700005000","https://www.littleharpeth.com/",37214,"Davidson","Nashville",36.1272169186737,-86.6802175210344
"205","Marathon Music Works","1404 CLINTON ST","09208001800","https://marathon.live/",37203,"Davidson","Nashville",36.1639026132996,-86.7978140374924
"206","McNamara's Irish Pub","2740 OLD LEBANON PIKE","09601001600","https://www.mcnamarasirishpub.com/",37203,"Davidson","Nashville",36.1689010647499,-86.6642587516033
"207","Mirror Mirror","2623 LEBANON PIKE","09504018600","https://www.mirrormirrornetwork.com/",37214,"Davidson","Nashville",36.1695098403469,-86.673640430123
"208","Music Makers Stages at Delgado Guitars","919 A GALLATIN AVE","08301041800","https://musicmakersstage.com/",37206,"Davidson","Nashville",36.1870648990231,-86.7464679848369
"209","Musicians Hall of Fame and Museum","417 4TH AVE N","09302001300","https://www.musicianshalloffame.com/",37219,"Davidson","Nashville",36.1675228673492,-86.7822397826025
"210","Nashville Children's Theatre","700 PRESIDENT RONALD REAGAN WAY","09311019900","https://nashvillechildrenstheatre.org/",37210,"Davidson","Nashville",36.1540188977757,-86.7683500886306
"211","Out Loud Music Festival; Tomato Art Fest","1106 WOODLAND ST","08309017800","https://www.tomatoartfest.com/",37206,"Davidson","Nashville",36.1737113004534,-86.7683128688773
"212","Out Loud Music Festival; Tomato Art Fest","1106 WOODLAND ST","08309017800","https://www.tomatoartfest.com/",37206,"Davidson","Nashville",36.1770163838316,-86.7492334409574
"213","Out Loud Music Festival; Tomato Art Fest","1106 WOODLAND ST","08309017800","https://www.outloudmusicfestival.com/",37213,"Davidson","Nashville",36.1737113004534,-86.7683128688773
"214","Out Loud Music Festival; Tomato Art Fest","1106 WOODLAND ST","08309017800","https://www.outloudmusicfestival.com/",37213,"Davidson","Nashville",36.1770163838316,-86.7492334409574
"215","Pearl Diver","1010 GALLATIN AVE","08301015500","https://www.pearldivernashville.com/",37206,"Davidson","Nashville",36.1892113733575,-86.7463597053372
"216","Queen Ave Collective","180 QUEEN AVE","07107002600","https://www.queenavecollective.com/",37207,"Davidson","Nashville",36.2081136059466,-86.7663179443109
"217","Rebar at the Dam","3248 BLACKWOOD DR","09713003900","https://rebarnashville.com/",37214,"Davidson","Nashville",36.1520680469237,-86.6274070030623
"218","Rosemary and Beauty Queen (bar); Pink Spiders (band)","1102 FORREST AVE","08309012500","https://www.rosemaryandbeautyqueen.com/",37206,"Davidson","Nashville",36.178196521554,-86.7495459408307
"219","The Ballad of Emerson Hall","2510 GALLATIN AVE","07213038300","https://www.theballadeast.com/",37206,"Davidson","Nashville",36.1958991587512,-86.7418591835306
"220","The Bluebird Cafe","4104 A HILLSBORO PIKE","131020B00300CO","https://bluebirdcafe.com/",37215,"Davidson","Nashville",36.1020978226001,-86.816840840808
"221","The Fairgrounds Nashville","0 RAINS AVE","10507037500","http://www.thefairgrounds.com/",37203,"Davidson","Nashville",36.1369008628416,-86.7639958834078
"222","The Fairgrounds Nashville","0 RAINS AVE","10507037500","http://www.thefairgrounds.com/",37203,"Davidson","Nashville",36.1390835963383,-86.7635220140334
"223","The Fairgrounds Nashville","0 RAINS AVE","10507037500","http://www.thefairgrounds.com/",37203,"Davidson","Nashville",36.1294742459128,-86.7638615815108
"224","The Fairgrounds Nashville","0 RAINS AVE","10507037500","http://www.thefairgrounds.com/",37203,"Davidson","Nashville",36.1320765191706,-86.7654511080406
"225","The Fairgrounds Nashville","0 RAINS AVE","10507051900","http://www.thefairgrounds.com/",37203,"Davidson","Nashville",36.1369008628416,-86.7639958834078
"226","The Fairgrounds Nashville","0 RAINS AVE","10507051900","http://www.thefairgrounds.com/",37203,"Davidson","Nashville",36.1390835963383,-86.7635220140334
"227","The Fairgrounds Nashville","0 RAINS AVE","10507051900","http://www.thefairgrounds.com/",37203,"Davidson","Nashville",36.1294742459128,-86.7638615815108
"228","The Fairgrounds Nashville","0 RAINS AVE","10507051900","http://www.thefairgrounds.com/",37203,"Davidson","Nashville",36.1320765191706,-86.7654511080406
"229","The Fairgrounds Nashville","0 RAINS AVE","10511033100","http://www.thefairgrounds.com/",37203,"Davidson","Nashville",36.1369008628416,-86.7639958834078
"230","The Fairgrounds Nashville","0 RAINS AVE","10511033100","http://www.thefairgrounds.com/",37203,"Davidson","Nashville",36.1390835963383,-86.7635220140334
"231","The Fairgrounds Nashville","0 RAINS AVE","10511033100","http://www.thefairgrounds.com/",37203,"Davidson","Nashville",36.1294742459128,-86.7638615815108
"232","The Fairgrounds Nashville","0 RAINS AVE","10511033100","http://www.thefairgrounds.com/",37203,"Davidson","Nashville",36.1320765191706,-86.7654511080406
"233","The Fairgrounds Nashville","0 RAINS AVE","10511033000","http://www.thefairgrounds.com/",37203,"Davidson","Nashville",36.1369008628416,-86.7639958834078
"234","The Fairgrounds Nashville","0 RAINS AVE","10511033000","http://www.thefairgrounds.com/",37203,"Davidson","Nashville",36.1390835963383,-86.7635220140334
"235","The Fairgrounds Nashville","0 RAINS AVE","10511033000","http://www.thefairgrounds.com/",37203,"Davidson","Nashville",36.1294742459128,-86.7638615815108
"236","The Fairgrounds Nashville","0 RAINS AVE","10511033000","http://www.thefairgrounds.com/",37203,"Davidson","Nashville",36.1320765191706,-86.7654511080406
"237","The Getalong","700 A FATHERLAND ST","08216023900","https://thegetalongshop.com/",37206,"Davidson","Nashville",36.17135889092,-86.7588942469637
"238","The Green Light","833 9TH AVE S","10502002000","https://thegreenlightbar.com/",37203,"Davidson","Nashville",36.1472350803029,-86.7806502045931
"239","The Hideout Salon and Lounge","2605 GALLATIN AVE","07213003900","https://www.thehideoutsalonandlounge.com/",37216,"Davidson","Nashville",36.1966213608363,-86.7425625854246
"240","The High Watt","1 CANNERY ROW","09314000200","https://www.mercylounge.com/?utm_medium=tnvacation&utm_source=tnvacation.com",37203,"Davidson","Nashville",36.1528900102878,-86.7803029695665
"241","The Jamnasium-nashville City Center","511 UNION ST","09306101600","https://nashvillecitycenter.com/jamnasium",37219,"Davidson","Nashville",36.1638527383459,-86.7817578068053
"242","The Treehouse","1011 CLEARVIEW AVE","08309013800","https://treehousenashville.com/",37206,"Davidson","Nashville",36.177900155391,-86.7504390473681
"243","The Wedge pizza Pub","2020 LINDELL AVE","10510036000","https://wedgepizzapub.com/",37203,"","",36.1308866279535,-86.7729473045824
"244","TSU Performing Arts Center","3401 JOHN A MERRITT BLVD","09201001900","https://www.tnstate.edu/music/",37209,"Davidson","Nashville",36.1646726396315,-86.8300918151283
"245","Yay Yay's","1903 JEFFERSON ST","09203042000","https://yayyaynashville.com/",37208,"Davidson","Nashville",36.1689166311576,-86.8083417844938
"246","Yolan","401 KOREAN VETERANS BLVD","093100F00100CO","https://www.yolannashville.com/",37201,"Davidson","Nashville",36.1566729213795,-86.7748112016668
"247","3rd & Lindsley","805 PRESIDENT RONALD REAGAN WAY","09315006000","https://www.3rdandlindsley.com/",37210,"Davidson","Nashville",36.1525851841034,-86.7697789080943
"248","Alley Taps","162 4TH AVE N 205","093061F20500CO","https://www.alleytapsnashville.com/",37201,"Davidson","Nashville",36.1635645989078,-86.7781997526628
"249","Andrew Jackson Hall-TPAC","301 REP JOHN LEWIS WAY N","09302300700","https://www.tpac.org/rentals/andrew-jackson-hall/",37243,"Davidson","Nashville",36.1646166767854,-86.7819039446746
"250","Anzie Blue","1803 21ST AVE S","10412000300","https://www.anzieblue.com/",NA,"","",36.1364272787782,-86.8016305069792
"251","Assembly Food Hall","500 BROADWAY","093063A00300CO","https://www.assemblyfoodhall.com/",37203,"Davidson","Nashville",36.160707949874,-86.7791700502812
"252","Bavarian Bierhaus","433 OPRY MILLS DR","07300001700","http://www.bierhausnashville.com/",37214,"Davidson","Nashville",36.2029713507032,-86.6926991504021
"253","Belcourt Theatre","2100 BELCOURT AVE","10408010800","https://www.belcourt.org/",37212,"Davidson","Nashville",36.1369346870416,-86.8014113828095
"254","Betty's Grill","4900 CHARLOTTE AVE","09115025000","No website available",37209,"Davidson","Nashville",36.1523688453056,-86.846129606912
"255","Big Machine Brewery","120 3RD AVE S","09306405500","https://www.bigmachinevodka.com/nashville",37201,"Davidson","Nashville",36.1608642679595,-86.7752057314528
"256","Black Rabbit","218 3RD AVE N #100","093023F00100CO","https://www.blackrabbittn.com/",37201,"Davidson","Nashville",36.1649775211182,-86.7778755833134
"257","Bourbon Street Blues and Boogie Bar","218 4TH AVE N","09302316100","https://www.bourbonstreetbluesandboogiebar.com/",37201,"Davidson","Nashville",36.1644028722652,-86.7789763418611
"258","Brooklyn Bowl Nashville","915 3RD AVE N","08213040500","https://www.brooklynbowl.com/nashville",37201,"Davidson","Nashville",36.1733202596843,-86.7838999858617
"259","Bucanas 2009","3802 NOLENSVILLE PIKE","13300002400","No website available",37211,"Davidson","Nashville",36.0882761691529,-86.7294282783182
"260","Carl's Corner Pub & Bar","3755 NOLENSVILLE PIKE","13310004200","No website available",37211,"Davidson","Nashville",36.0915902516046,-86.7363020966634
"261","Casa Rosa Miranda Lamberts","308 BROADWAY","09306202600","https://casarosanashville.com/",37201,"Davidson","Nashville",36.1615992862338,-86.7766188794036
"262","CMA Theater","224 REP JOHN LEWIS WAY S","093100B00200CO","https://www.countrymusichalloffame.org/experiences/cma-theater",37203,"Davidson","Nashville",36.1579961038466,-86.7760190129715
"263","Country Music Hall of Fame and Museum","222 REP JOHN LEWIS WAY S","093100B00100CO","https://www.countrymusichalloffame.org/",37203,"Davidson","Nashville",36.1583279955606,-86.7762380653489
"264","Ellingston's","241 4TH AVE N","09302305500","https://www.ellingtons.restaurant/",37219,"Davidson","Nashville",36.1647906435196,-86.7799847377682
"265","EXIT/IN","2208 ELLISTON PL","09215011000","https://exitin.com/",NA,"Davidson","Nashville",36.1513847221658,-86.8045533857289
"266","FISK University Little Theatre","934 DR D B TODD JR BLVD","09203041400","https://www.fisk.edu/",37208,"Davidson","Nashville",36.1664543606587,-86.8045088025117
"267","General Jackson Showboat","577 OPRY MILLS DR","07300003900","https://generaljackson.com/",37214,"Davidson","Nashville",36.2030059404284,-86.6950691196696
"268","Hard Rock Cafe","108 2ND AVE N","09306208600","https://www.hardrockcafe.com/location/nashville/#utm_source=Google&utm_medium=Yext&utm_campaign=Listings",37201,"Davidson","Nashville",36.1623050083223,-86.7749104439042
"269","Hifi Clyde's Nashville","1700 CHURCH ST","09212030500","https://www.hificlydesnashville.com/",37202,"Davidson","Nashville",36.1559785004788,-86.7963394115904
"270","Hopsmith Tavern","1903 DIVISION ST","09216026100","https://www.hopsmithnashville.com/",37203,"Davidson","Nashville",36.1500213821433,-86.7959954755933
"271","James K Polk Theater-TPAC","301 REP JOHN LEWIS WAY N","09302300700","https://www.tpac.org/rentals/james-k-polk-theater/",37243,"Davidson","Nashville",36.1646166767854,-86.7819039446746
"272","Jason Aldean's Kitchen + Rooftop Bar","309 BROADWAY","09306402500","https://jasonaldeansnashville.com/",37201,"Davidson","Nashville",36.1611379111119,-86.7761543833149
"273","John A's Restaurant","2425 MUSIC VALLEY DR","06200015400","https://www.johnasnashville.com/",37214,"Davidson","Nashville",36.2188435381866,-86.6938563109761
"274","Kittenish","320 11TH AVE S","093130B90000CO","https://kittenish.com/",37203,"Davidson","Nashville",36.1534197356406,-86.783131034937
"275","Kittenish","320 11TH AVE S","093130B90000CO","https://kittenish.com/",37203,"Davidson","Nashville",36.1533202534805,-86.7832350841648
"276","Kittenish","320 11TH AVE S","093130B00200CO","https://kittenish.com/",37203,"Davidson","Nashville",36.1534197356406,-86.783131034937
"277","Kittenish","320 11TH AVE S","093130B00200CO","https://kittenish.com/",37203,"Davidson","Nashville",36.1533202534805,-86.7832350841648
"278","La Terraza Mexican Restaurant","5731 NOLENSVILLE PIKE","16100014000","https://laterrazamexicanrestaurant.com/",37211,"","Nashville",36.0480327574934,-86.7147651897149
"279","Las Cazuelas","4112 NOLENSVILLE PIKE","14700000800","https://www.facebook.com/lascazuelas.rest/",NA,"","",36.0785052086935,-86.7251204044112
"280","Legends Corner","424 BROADWAY","09306307200","https://www.legendscorner.com/",37203,"Davidson","Nashville",36.160846279316,-86.7784320509058
"281","Lonnie's western Room","300 CHURCH ST","09302316800","https://lonnieswesternroom.com/",37201,"Davidson","Nashville",36.1642723493316,-86.7781957193846
"282","Loveless Cafe","8400 HIGHWAY 100","16900001400","https://www.lovelesscafe.com/",37221,"Davidson","Nashville",36.0357858473935,-86.9721810624482
"283","Martin's BBQ Joint - SOBRO","410 4TH AVE S","09310043700","https://www.martinsbbqjoint.com/downtown-nashville",37201,"Davidson","Nashville",36.1567361088037,-86.7739683998767
"284","Miss Kelli's Karaoke Bar","207 3RD AVE N 101","093023D00100CO","No website available",37201,"Davidson","Nashville",36.1644304485074,-86.7783040236767
"285","Moonlite Drive-in","941 B MAIN ST","082124D90000CO","http://themoonlite.com/",37190,"Davidson","Nashville",36.1774416765365,-86.7543947091663
"286","Moxy Nashville","110 3RD AVE S","09306405700","https://www.marriott.com/en-us/hotels/bnaox-moxy-nashville-downtown/overview/?scid=4960477f-bf38-4508-b37a-cd0d10a77ef3&gclid=Cj0KCQiAorKfBhC0ARIsAHDzslsbJMMHj35WK7a9s7XwmQeMY3Cx_r9XJFo3Ki-1Tic4ObAWrksvGMEaAufoEALw_wcB&gclsrc=aw.ds",37201,"Davidson","Nashville",36.1611678467654,-86.7753443702178
"287","NashHouse Southern Spoon and Saloon","1222 DEMONBREUN ST","093090E00100CO","https://www.nashhousesaloon.com/",37203,"Davidson","Nashville",36.1546840155627,-86.7876110266038
"288","Natl Museum of African American Music","500 BROADWAY","093063A00300CO","https://www.nmaam.org/",37203,"Davidson","Nashville",36.160707949874,-86.7791700502812
"289","Patron Event Center","709 RIVERGATE PKWY","02613006900","No Website",NA,"","Goodlettsville",36.3044670920087,-86.704437840607
"290","Play Dance Bar","1517 CHURCH ST","09212036500","https://www.playdancebar.com/",37203,"Davidson","Nashville",36.156659248748,-86.7934244511131
"291","Primm's Appetit","2830 GALLATIN PIKE","07210011500","https://www.facebook.com/profile.php?id=100064225534286",37216,"Davidson","Nashville",36.20222182285,-86.7387380360309
"292","Puckett's Grocery & Restaurant Downtown","201 REP JOHN LEWIS WAY N","09306104000","https://puckettsgro.com/nashville/",37219,"Davidson","Nashville",36.1632910482993,-86.7806398610302
"293","Riverside Revival Nashville","1600 RIVERSIDE DR","07215018800","https://www.riversiderevivalnashville.com/",37216,"Davidson","Nashville",36.1956450005556,-86.7241058447518
"294","Robert's Western World","416 B BROADWAY","09306307600","https://robertswesternworld.com/",37203,"Davidson","Nashville",36.1610026617864,-86.7780712185008
"295","Rosie's Twin Kegs","413 THOMPSON LN","11909023900","https://rosiestwinkegs.com/",37211,"Davidson","Nashville",36.1107109325187,-86.7468482267984
"296","Rudy's Jazz Room","600 9TH AVE S","09314055500","https://www.rudysjazzroom.com/",37203,"Davidson","Nashville",36.151615544937,-86.7800633743506
"297","Ryman Auditorium","116 REP JOHN LEWIS WAY N","09306307100","https://www.ryman.com/?utm_campaign=ryman&utm_medium=organicsearch&utm_source=googlemybusiness&utm_audience=tofu_googlemybusiness&utm_content=brandstory_google_my_business_website_link",37219,"Davidson","Nashville",36.1614368964083,-86.778258428777
"298","Sambuca (Restaurant)","1209 PINE ST","09313010400","https://www.sambucarestaurant.com/",37203,"Davidson","Nashville",36.1518138428385,-86.785052281168
"299","Scoreboard Restaurant & Sports Bar","2416 MUSIC VALLEY DR","06200023300","https://www.scoreboardopry.com/",37214,"Davidson","Nashville",36.2193629960737,-86.6971097730653
"300","Shamblin Theater","1 UNIVERSITY PARK DR","11716016300","https://www.lipscomb.edu/",37204,"Davidson","Nashville",36.1059061336745,-86.7985257445467
"301","Sidebar Nashville","401 B PRESIDENT RONALD REAGAN WAY","093100A00100CO","https://www.bode.co/downtown-nashville-hotel/sidebar",37201,"Davidson","Nashville",36.157195323445,-86.7726003022236
"302","Skull's Rainbow Club","222 4TH AVE N","09302316000","https://www.skullsrainbowroom.com/",37201,"Davidson","Nashville",36.1644946391003,-86.7790335294121
"303","Skydeck on Broadway","600 B BROADWAY","093063A00500CO","https://www.assemblyfoodhall.com",37203,"Davidson","Nashville",36.1602443545061,-86.7797417298829
"304","Snitch","210 4TH AVE N","09306105700","https://www.dreamhotels.com/nashville/dining-nightlife/snitch",37219,"Davidson","Nashville",36.1642171540611,-86.7788674044819
"305","Sobro Sports Bar and Grill (Hilton Garden Inn Downtown)","419 3RD AVE S","09310043100","https://nashvilledowntown.com/go/sobro-sports-bar-and-grill",37201,"Davidson","Nashville",36.1568664141886,-86.7733348134159
"306","Sonny's Patio Pub and Refuge","1318 6TH AVE N","08209005400","https://www.sonnysnashville.com/",37208,"Davidson","Nashville",36.1777953017095,-86.7908112040251
"307","Springwater Supper Club & Lounge","2701 POSTON AVE","10403000400","https://www.thespringwater.com/",37203,"Davidson","Nashville",36.1463994955937,-86.8123417515046
"308","Tennessee Performing Arts Center","301 REP JOHN LEWIS WAY N","09302300700","https://www.tpac.org/",37243,"Davidson","Nashville",36.1646166767854,-86.7819039446746
"309","The Back Corner","1401 5TH AVE N","08112041500","http://5thandtaylor.com/",37208,"Davidson","Nashville",36.1786123062196,-86.7922187870216
"310","The Big Bang Dueling Pianos","209 3RD AVE N","09302316600","https://thebigbangbar.com/",37201,"Davidson","Nashville",36.1645077911976,-86.7783335661158
"311","The Blue Room at Third Man Records","623 7TH AVE S","09314021600","https://theblueroombar.com/",37203,"Davidson","Nashville",36.1522569430088,-86.7781155800534
"312","The Electric Jane","1221 DIVISION ST","09313058400","https://theelectricjane.com/",37203,"Davidson","Nashville",36.1510967144666,-86.7874212632153
"313","The Goat","1226 2ND AVE N","08209037500","https://www.lcgoat.com/",37208,"Davidson","Nashville",36.177745886573,-86.7843766894002
"314","The Nashville Palace","2611 A MCGAVOCK PIKE","06200023700","https://www.thefamousnashvillepalace.com/",37214,"Davidson","Nashville",36.2177283290454,-86.6982065871104
"315","The Roadside Bar & Grill","4617 OLD HICKORY BLVD","07509015400","https://www.roadsidebarandgrilltn.com/",37138,"Davidson","Olk Hickory",36.2027107020163,-86.6218814228337
"316","Twelve Keys Saloon","4719 ANDREW JACKSON PKWY","06416001100","http://www.twelvekeyssaloon.com/",37076,"Davidson","Hermitage",36.2164433975148,-86.5971661517623
"317","Up a roof top lounge","901 DIVISION ST","09314056700","https://www.uprooftoplounge.com/",37203,"Davidson","Nashville",36.1500946772577,-86.7817435776449
